INSERT INTO `exam_category_tbl` (`code`, `name`, `score`, `time`, `pass_score`)
VALUES
	('01', '交通法规', 40, 10, 30),
	('02', 'Java基础', 100, 30, 80),
	('03', '综合测试', 100, 60, 80),
	('04', '考试1', 100, 40, 70),
	('05', '考试2', 100, 50, 60),
	('06', '考试3', 100, 70, 90);

INSERT INTO `exam_category_compose_tbl` (`code`, `type`, `count`)
VALUES
	('01', 1, 5),
	('01', 2, 2),
	('01', 3, 5),
	('02', 1, 40),
	('02', 2, 10);

INSERT INTO `exam_category_tbl` (`code`, `name`, `score`, `time`, `pass_score`)
VALUES
	('01', '交通法规', 40, 10, 30),
	('02', 'Java基础', 100, 30, 80),
	('03', '综合测试', 100, 60, 80),
	('04', '考试1', 100, 40, 70),
	('05', '考试2', 100, 50, 60),
	('06', '考试3', 100, 70, 90);

INSERT INTO `exam_item_tbl` (`item_id`, `code`, `item_contont`, `score`, `type`, `memo`)
VALUES
	(0, '01', '机动车达到国家规定的强制报废标准的不能办理注册登记', 2, 1, NULL),
	(1, '01', '行车中遇抢救伤员的救护车从本车道逆向驶来时，应怎样做？', 2, 1, NULL),
	(2, '01', '在没有中心线的道路上发现后车发出超车信号时，如果条件许可如何行驶？', 2, 1, NULL),
	(3, '01', '驾驶机动车应当随身携带哪种证件？', 2, 1, NULL),
	(4, '01', '同车道行驶的车辆前方遇到下列哪种车辆不得超车？', 2, 1, NULL),
	(5, '01', '驾驶人违反交通运输管理法规发生重大事故致人死亡且逃逸的，处多少年有期徒刑？', 2, 1, NULL),
	(6, '01', '下列哪种标志是驾驶机动车上路行驶应当在车上放置的标志？', 2, 1, NULL),
	(7, '01', '驾驶机动车在高速公路遇到能见度低于50米的气象条件时，车速不得超过20公里/小时，还应怎么做？', 2, 1, NULL),
	(8, '01', '3年内有下列哪种行为的人不得申请机动车驾驶证？', 2, 1, NULL),
	(9, '01', '驾驶车辆进入高速公路加速车道后，应尽快将车速提高到每小时多少公里以上？', 2, 1, NULL),
	(10, '01', '机动车达到国家规定的强制报废标准的不能办理注册登记。', 2, 3, NULL),
	(11, '01', '饮酒后驾驶机动车的一次记12分。', 2, 3, NULL),
	(12, '01', '驾驶机动车发生财产损失交通事故后，当事人对事实及成因无争议移动车辆时需要对现场拍照或者标划停车位置。', 2, 3, NULL),
	(13, '01', '驾驶人在一个记分周期内累积记分达到12分的，交通警察依法扣留驾驶证。', 2, 3, NULL),
	(14, '01', '驾驶机动车上路前应当检查车辆安全技术性能。', 2, 3, NULL),
	(15, '01', ' 距离交叉路口50米以内的路段不能停车。', 2, 3, NULL),
	(16, '01', '驾驶机动车在隧道、陡坡等特殊路段不得超车。', 2, 3, NULL),
	(17, '01', '驾驶人在道路上醉酒驾驶机动车的处3年以上有期徒刑。', 2, 3, NULL),
	(18, '01', '机动车在环形路口内行驶，遇有其他车辆强行驶入时，只要有优先权就可以不避让', 2, 3, NULL),
	(19, '01', '驾驶人的机动车驾驶证被依法扣留、暂扣的情况下不得驾驶机动车。', 2, 3, NULL),
	(20, '01', '《道路交通安全法》对机动车实行了哪些强制制度？', 10, 2, NULL),
	(21, '01', '哪些人在道路上通行应当有监护人带领？', 10, 2, NULL),
	(22, '01', '道路通行原则包括哪些?', 10, 2, NULL),
	(23, '01', '交通信号包括哪几种?', 10, 2, NULL);

INSERT INTO `exam_option_tbl` (`option_id`, `item_id`, `option_content`, `correct_flag`)
VALUES
	(1, 0, '靠边减速或停车让行', 1),
	(2, 0, '占用其他车道行驶', 0),
	(3, 0, '加速变更车道避让', 0),
	(4, 0, '在原车道内继续行驶', 0),
	(5, 1, '挡住其去路', 0),
	(6, 1, '保持原车速行驶\n保持原车速行驶\n保持原车速行驶', 0),
	(7, 1, '尽可能减速避让、直至停车', 1),
	(8, 1, '加速行驶', 0),
	(9, 2, '保持原状态行驶', 0),
	(10, 2, '加速行驶', 0),
	(11, 2, '降速靠右让路', 1),
	(12, 2, '迅速停车让行', 0),
	(13, 3, '职业资格证', 0),
	(14, 3, '身份证', 0),
	(15, 3, '驾驶证', 1),
	(16, 3, '工作证', 0),
	(17, 4, '执行任务的消防车', 1),
	(18, 4, '大型客车', 0),
	(19, 4, '中型客车', 0),
	(20, 4, '超载大型货车', 0),
	(21, 5, '7年以上', 0),
	(22, 5, '3年以下', 0),
	(23, 5, '3年以上7年以下', 1),
	(24, 5, '10年以上', 0),
	(25, 6, '保持车距标志', 1),
	(26, 6, '提醒危险标志', 0),
	(27, 6, '检验合格标志', 0),
	(28, 6, '产品合格标志', 0),
	(29, 7, '进入应急车道行驶', 0),
	(30, 7, '尽快驶离高速公路', 0),
	(31, 7, '尽快在路边停车', 0),
	(32, 7, '在路肩低速行驶', 1),
	(33, 8, '注射胰岛素', 0),
	(34, 8, '酒醉经历', 1),
	(35, 8, '吸烟成瘾', 0),
	(36, 8, '注射毒品', 0),
	(37, 9, '50', 0),
	(38, 9, '60', 1),
	(39, 9, '30', 0),
	(40, 9, '40', 0),
	(41, 20, '第三者责任强制保险', 1),
	(42, 20, '强制报废', 1),
	(43, 20, '强制登记', 0),
	(44, 20, '强制安检', 0),
	(45, 20, '强制缴纳车辆购置税', 0),
	(46, 21, '学龄前儿童', 1),
	(47, 21, '不能控制自己行为的精神疾病患者', 1),
	(48, 21, '老人 ', 0),
	(49, 21, '盲人', 0),
	(50, 21, '智障者', 1),
	(51, 22, '右侧通行', 1),
	(52, 22, '分道通行', 1),
	(53, 22, '优先通行 ', 1),
	(54, 22, '安全通行', 1),
	(55, 22, '借道通行 ', 0),
	(56, 23, '交通信号灯', 1),
	(57, 23, '警示标志', 0),
	(58, 23, '交通标线', 1),
	(59, 23, '交通警察的指挥', 1),
	(60, 23, '交通标志', 0),
	(61, 10, '判断题', 1),
	(62, 11, '判断题', 1),
	(63, 12, '判断题', 1),
	(64, 13, '判断题', 1),
	(65, 14, '判断题', 1),
	(66, 15, '判断题', 1),
	(67, 16, '判断题', 1),
	(68, 17, '判断题', 0),
	(69, 18, '判断题', 0),
	(70, 19, '判断题', 1);


